0,Fm-257,7.982623693568561e-08
1,Es-256,0.00045482098461938666
2,Fm-256,7.330236681048491e-05
3,Cf-255,0.00013591121187449907
4,Es-255,2.0157127668433178e-07
5,Fm-255,9.593467039804369e-06
6,Es-254m,4.899259121854292e-06
7,Es-254,2.9098791483628596e-08
8,Fm-254,5.942619860767707e-05
9,Cf-254,1.326039142485356e-07
10,Fm-253,2.6741789373454678e-06
11,Cf-253,4.5045125278138144e-07
12,Es-253,3.919167958982122e-07
13,Fm-252,7.583335308738625e-06
14,Cf-252,8.304332609261895e-09
15,Fm-251,3.6328468582806354e-05
16,Es-251,5.834572226935566e-06
17,Cm-251,0.0006876460124602632
18,Bk-251,0.00020777793182252555
19,Cf-251,2.440551083499746e-11
20,Es-250m,8.673012769769085e-05
21,Es-250,2.238847482428764e-05
22,Cm-250,2.6463806929515317e-12
23,Bk-250,5.994423520824212e-05
24,Cf-250,1.679278268463128e-09
25,Es-249,0.00011303770067839942
26,Cm-249,0.0001800850040425942
27,Bk-249,2.4310717612231527e-08
28,Cf-249,6.25782329102499e-11
29,Bk-248m,8.12408791092294e-06
30,Cf-248,2.4019571293522167e-08
31,Cm-248,6.311770043533825e-14
32,Cf-247,6.191025192568287e-05
33,Bk-247,1.59166375010853e-11
34,Am-247,0.0005022805656231487
35,Cm-247,1.4080102404806227e-15
36,Cf-246,5.393302058511868e-06
37,Bk-246,4.45696489557578e-06
38,Pu-246,7.400864217745759e-07
39,Am-246,0.0002962167438290364
40,Am-246m,0.00046209812037329687
41,Cm-246,4.6144873427516204e-12
42,Bk-245,1.6239953060802434e-06
43,Pu-245,1.833722699894035e-05
44,Am-245,9.39223821896945e-05
45,Cm-245,2.5841129119409075e-12
46,Cf-244,0.0005954872685222898
47,Am-244m,0.0004443251157435547
48,Am-244,1.9063453810779574e-05
49,Cm-244,1.2135336879280504e-09
50,Pu-244,2.7456199689372145e-16
51,Cm-243,7.548096134535296e-10
52,Pu-243,3.885005720114481e-05
53,Am-243,2.9803201833782516e-12
54,Am-242m,1.5577985639360081e-10
55,Am-242,1.2018781740878508e-05
56,Cm-242,4.927848164641525e-08
57,Np-242m,0.002100446001696804
58,U-242,0.0006876460124602632
59,Np-242,0.00525111500424201
60,Pu-242,5.85732260039939e-14
61,Cm-241,2.445895369523294e-07
62,Np-241,0.0008311117272901022
63,Pu-241,1.530659216132245e-09
64,Am-241,5.08212858664917e-11
65,Cm-240,2.971309930383853e-07
66,Am-240,3.790174871828222e-06
67,U-240,1.3655381807721538e-05
68,Np-240m,0.0016000627436748506
69,Np-240,0.00018663090483574186
70,Pu-240,3.34627662271446e-12
71,Cm-239,6.639340809961161e-05
72,Am-239,1.6179906175535605e-05
73,U-239,0.0004926419193745169
74,Np-239,3.404428946334141e-06
75,Pu-239,9.110310971172839e-13
76,Cm-238,8.022536812036404e-05
77,Am-238,0.00011788217356461654
78,Np-238,3.7895780878773757e-06
79,Pu-238,2.5045564140818374e-10
80,U-238,4.916060821731807e-18
81,Am-237,0.0001582527809497592
82,Pu-237,1.774897524786815e-07
83,Pa-237,0.0013278681619922324
84,U-237,1.1885239721535413e-06
85,Np-237,1.024485063036274e-14
86,Np-236m,8.557372599505497e-06
87,Np-236,1.4262960877595917e-13
88,Pu-236,7.685430283939018e-09
89,Th-236,0.0003080654135821979
90,Pa-236,0.0012695003306958704
91,U-236,9.37871893744565e-16
92,Pu-235,0.00045661869602104435
93,Np-235,2.025381674333856e-08
94,Th-235,0.0016271060576524537
95,Pa-235,0.0004715286942584662
96,U-235m,0.0004443251157435547
97,U-235,3.120022691974107e-17
98,Pu-234,2.187964585100837e-05
99,Np-234,1.8233038209173643e-06
100,Th-234,3.328853448977761e-07
101,Pa-234m,0.009873891460967883
102,Pa-234,2.873744529684682e-05
103,U-234,8.94703044867524e-14
104,Np-233,0.0003191285361694039
105,Ac-233,0.004780325383172037
106,Th-233,0.0005180472201494359
107,Pa-233,2.974945975464977e-07
108,U-233,1.3797085271041278e-13
109,Pu-232,0.0003428027599208434
110,Np-232,0.0007858811570974437
111,Pa-232,6.124073902317865e-06
112,U-232,3.1879477142957494e-10
113,Ac-232,0.005824766223192818
114,Th-232,1.5633423310674529e-18
115,U-231,1.91012781238962e-06
116,Ac-231,0.0015403270679109895
117,Th-231,7.544705465864957e-06
118,Pa-231,6.704810668955346e-13
119,Pa-230,4.6106533402508075e-07
120,U-230,3.856988851940579e-07
121,Ra-230,0.0001242199248315314
122,Ac-230,0.0056815342668847975
123,Th-230,2.913897552599856e-13
124,Pa-229,5.3483578746909356e-06
125,Th-229,2.9925013285419227e-12
126,U-228,0.0012695003306958704
127,Pa-228,8.75185834040335e-06
128,Ra-228,3.819993000260472e-09
129,Ac-228,3.130746072989816e-05
130,Th-228,1.1490353500469614e-08
131,U-227,0.01050223000848402
132,Pa-227,0.00030163062687552013
133,Fr-227,0.0046771064815111
134,Ra-227,0.0002737548106476877
135,Ac-227,1.008862748093777e-09
136,Th-227,4.294719920790366e-07
137,Ac-226,6.555699131388277e-06
138,Th-226,0.00037790163589572853
139,Ra-226,1.3728099844686071e-11
140,Ra-225,5.384252893984164e-07
141,Ac-225,8.022536812036404e-07
142,Th-224,0.6601401719618526
143,Ac-224,6.925931060750853e-05
144,Fr-224,0.0034692051079076337
145,Ra-224,2.191949948643826e-06
146,Th-223,1.1552453009332422
147,Ac-223,0.005501168099682105
148,Rn-223,0.00047540958886141654
149,Fr-223,0.000525111500424201
150,Ra-223,7.018842355237448e-07
151,Fr-222,0.0008135530288262268
152,Ra-222,0.018240715277893296
153,Rn-222,2.0982180755947176e-06
154,Ra-221,0.024755256448569473
155,Fr-221,0.002357643471292331
156,Fr-220,0.025297342356202384
157,Ra-220,38.72330617653326
158,At-220,0.0031138687356691164
159,Rn-220,0.012466675909351533
160,Ra-219,69.31471805599453
161,Fr-219,34.657359027997266
162,Rn-219,0.175037166808067
163,At-219,0.012377628224284737
164,Po-218,0.0037265977449459425
165,At-218,0.46209812037329684
166,Rn-218,19.804205158855577
167,Rn-217,1283.6058899258246
168,At-217,21.459665032815643
169,Rn-216,15403.270679109894
170,At-216,2310.4906018664847
171,Bi-216,0.005323711064208489
172,Po-216,4.780325383172037
173,Rn-215,301368.33937388926
174,At-215,6931.471805599453
175,Bi-215,0.001520059606491108
176,Po-215,389.18988240311364
177,Pb-214,0.00043106167945270227
178,Bi-214,0.0005805252768508755
179,Po-214,4218.789899938803
180,Bi-213,0.00025339883766905944
181,Po-213,165035.04299046315
182,Fr-212,0.0005776226504666211
183,Rn-212,0.0004833662347001013
184,Bi-212n,0.0016503504299046317
185,Pb-212,1.8095947696322715e-05
186,Po-212m,0.01536911708558637
187,Bi-212,0.0001907919572144083
188,Po-212,2318217.9951837636
189,Rn-211,1.3187731745813266e-05
190,At-211,2.6689892360531424e-05
191,Pb-211,0.0003200125487349701
192,Bi-211,0.005398342527725431
193,Po-211,1.3433084894572582
194,Rn-210,8.022536812036404e-05
195,At-210,2.3770479443070827e-05
196,Tl-210,0.008886502314871094
197,Bi-210m,7.22531570772951e-15
198,Pb-210,9.89412601418816e-10
199,Bi-210,1.6003464616071022e-06
200,Po-210,5.797636014942189e-08
201,Rn-209,0.0004053492283976288
202,At-209,3.558981210515225e-05
203,Po-209,2.153427426617423e-10
204,Tl-209,0.005345882928890524
205,Pb-209,5.918871303070203e-05
206,At-208,0.00011812324140421699
207,Po-208,7.579351190993e-09
208,Bi-208,5.968739062906987e-14
209,Tl-208,0.0037839675759359388
210,Rn-207,0.0012489138388467483
211,At-207,0.00010696715749381872
212,Po-207,3.3196704049805806e-05
213,Bi-207,6.67627955972575e-10
214,Hg-207,0.003983604485976697
215,Tl-207,0.002421897905520424
216,At-206,0.00037753114409583077
217,Po-206,9.116519104586821e-07
218,Bi-206,1.2850451404831656e-06
219,Tl-206m,0.003088891178965888
220,Hg-206,0.0014174788968506038
221,Tl-206,0.0027505840498410527
222,At-205,0.00044093332096688633
223,Po-205,0.00011598848402944198
224,Bi-205,5.240063234511041e-07
225,Pb-205,1.4356182844116152e-15
226,Hg-205,0.0022216255787177734
227,At-204,0.0012557014140578719
228,Po-204,5.4544159628576116e-05
229,Bi-204,1.7160506549810488e-05
230,Pb-204m,0.0001719115031150658
231,Tl-204,5.8108359130946336e-09
232,Po-203,0.0003147807359491123
233,Bi-203,1.6372524106196744e-05
234,Pb-203,3.711774593504785e-06
235,Hg-203,1.7211312134292467e-07
236,Bi-202,0.0001119423741214382
237,Pb-202m,5.4544159628576116e-05
238,Pb-202,4.183801857428136e-13
239,Tl-202,6.559719388418973e-07
240,Pt-202,4.375929170201675e-06
241,Au-202,0.02406761043610921
242,Bi-201,0.00010696715749381872
243,Pb-201m,0.011363068533769595
244,Pb-201,2.0636750641894285e-05
245,Tl-201,2.6407296945478617e-06
246,Au-201,0.0004443251157435547
247,Bi-200,0.0003173750826739676
248,Pb-200,8.955389929715056e-06
249,Tl-200,7.377045344401291e-06
250,Au-200m,1.0296303929886293e-05
251,Pt-200,1.5403270679109895e-05
252,Au-200,0.00023868704564736408
253,Pb-199,0.00012836058899258246
254,Tl-199,2.5948906130575968e-05
255,Hg-199m,0.00027080293036409804
256,Pt-199,0.00037507964316014353
257,Au-199,2.5557619662428812e-06
258,Pb-198,8.022536812036404e-05
259,Tl-198m,0.00010296303929886293
260,Tl-198,3.6328468582806354e-05
261,Au-198m,3.5341571859191205e-06
262,Au-198,2.9766347993026056e-06
263,Bi-197,0.001242199248315314
264,Pb-197m,0.00026866169789145167
265,Pb-197,0.0014440566261665526
266,Tl-197,6.77960857355189e-05
267,Hg-197m,8.089953087767803e-06
268,Hg-197,2.9649042730039064e-06
269,Pt-197m,0.00012108220322117623
270,Pt-197,9.67955576446591e-06
271,Pb-196,0.00031222845971168707
272,Tl-196,0.00010464178450482265
273,Au-196m,2.005634203009101e-05
274,Au-196,1.2975152534427308e-06
275,Ir-196m,0.00013752920249205264
276,Os-196,0.0003310158455396109
277,Ir-196,0.01332975347230664
278,Pb-195m,0.0007701635339554948
279,Tl-195,0.00016598352024902905
280,Hg-195m,4.628386622328694e-06
281,Hg-195,1.8284984186977558e-05
282,Au-195m,0.02272613706753919
283,Au-195,4.310920489224175e-08
284,Ir-195m,5.06686535497036e-05
285,Pt-195m,1.9956559233921408e-06
286,Ir-195,7.701635339554947e-05
287,Pb-194,0.0009627044174443685
288,Tl-194m,0.0003522089332113543
289,Tl-194,0.000350074333616134
290,Hg-194,4.992036307158571e-11
291,Au-194,5.064199986556383e-06
292,Ir-194m,4.6915419953429263e-08
293,Os-194,3.660826625249619e-09
294,Ir-194,9.986560346933283e-06
295,Hg-193m,1.631702402448082e-05
296,Hg-193,5.06686535497036e-05
297,Au-193m,0.17773004629742187
298,Au-193,1.0908831925715225e-05
299,Pt-193m,1.8527798642116406e-06
300,Pt-193,4.392991950299543e-10
301,Os-193,6.39458264659162e-06
302,Ir-193m,7.61874341124065e-07
303,Hg-192,3.969915123481932e-05
304,Au-192,3.897588734592585e-05
305,Ir-192n,9.114091183194072e-11
306,Ir-192m,0.007967208971953394
307,Ir-192,1.0866670475620578e-07
308,Hg-191m,0.00022741049230969333
309,Au-191,6.05474476380106e-05
310,Pt-191,2.8631466138602443e-06
311,Ir-191m,0.14031319444533305
312,Os-191m,1.4697777365562876e-05
313,Os-191,5.209439488335328e-07
314,Tl-190m,0.0031222845971168706
315,Tl-190,0.004443251157435547
316,Hg-190,0.0005776226504666211
317,Au-190,0.0002699171263862715
318,Pt-190,3.379224577153495e-20
319,Ir-190n,6.237152040455902e-05
320,Ir-190m,0.00017191150311506574
321,Ir-190,6.810302896465538e-07
322,Os-190m,0.0011669144453871133
323,Re-190m,6.016902609027303e-05
324,W-190,0.0003850817669777474
325,Re-190,0.0037265977449459425
326,Pt-189,1.7713052758866023e-05
327,Ir-189,6.077679403057882e-07
328,Re-189,7.923493147690275e-06
329,Os-189m,3.3196704049805806e-05
330,Pt-188,7.865232168663142e-07
331,Ir-188,4.639539361177679e-06
332,Re-188m,0.0006214337283126638
333,W-188,1.1496899988587567e-07
334,Re-188,1.1323270024045736e-05
335,Au-187,0.0013752920249205263
336,Pt-187,8.193229084632923e-05
337,Ir-187,1.833722699894035e-05
338,W-187,8.11723792111609e-06
339,Re-187,5.331300910557698e-19
340,Au-186,0.001079668505545086
341,Pt-186,9.256773244657389e-05
342,Ir-186m,0.00010028171015045505
343,Ir-186,1.1570966555821736e-05
344,Re-186m,1.0982479875748856e-13
345,Re-186,2.15758190894667e-06
346,Os-186,1.0982479875748856e-23
347,Ta-186,0.0011002336199364211
348,Ir-185,1.337089468672734e-05
349,Os-185,8.571086337645732e-08
350,W-185m,0.007233846593195005
351,Ta-185,0.0002338553240755551
352,W-185,1.0682472452778169e-07
353,Pt-184,0.000667771850250429
354,Ir-184,6.231096553037983e-05
355,Re-184m,4.747063202388404e-08
356,Re-184,2.1111938979043167e-07
357,Hf-184,4.6733224147784875e-05
358,Ta-184,2.2131136033203872e-05
359,Ir-183,0.00019918022429883485
360,Os-183m,1.9448574089785222e-05
361,Os-183,1.4810837191451823e-05
362,Re-183,1.146076687433772e-07
363,Hf-183,0.00018045068743099691
364,Ta-183,1.5730464337326282e-06
365,Ir-182,0.0007701635339554948
366,Os-182,8.712257171442249e-06
367,Re-182m,1.5160699487312889e-05
368,Re-182,3.0084513045136514e-06
369,Ta-182m,0.0007293215283669458
370,Hf-182m,0.00018784476437938897
371,Hf-182,2.440551083499746e-15
372,Ta-182,7.01086848906441e-08
373,Os-181,0.0001100233619936421
374,Re-181,9.675421280847924e-06
375,W-181,6.619254795409574e-08
376,Lu-181,0.0033007008598092634
377,Hf-181,1.8925540957858937e-07
378,Ir-180,0.007701635339554948
379,Os-180,0.0005373233957829033
380,Re-180,0.004734611889070664
381,Ta-180,2.3618852243483033e-05
382,Hf-180m,3.50074333616134e-05
383,Lu-180,0.002026746141988144
384,Re-179,0.0005924334876580728
385,W-179m,0.0018050707827081908
386,W-179,0.0003118070987674068
387,Ta-179,1.2068659204119623e-08
388,Hf-179m,3.2026095058029554e-07
389,Yb-179,0.0014440566261665526
390,Lu-179,4.1947904899536755e-05
391,Re-178,0.000875185834040335
392,W-178,3.7141374129798167e-07
393,Ta-178m,8.15851201224041e-05
394,Ta-178,0.0012408649848907004
395,Hf-178m,7.085470887579908e-10
396,Lu-178m,0.0005001061908801914
397,Yb-178,0.00015611422985584354
398,Lu-178,0.0004067765144131134
399,W-177,8.75185834040335e-05
400,Ta-177,3.4041881804963523e-06
401,Hf-177m,0.00022475589512319886
402,Lu-177m,5.001581553638656e-08
403,Yb-177,0.00010075399449967226
404,Lu-177,1.2069409977488195e-06
405,Ta-176,2.379986198873593e-05
406,Lu-176m,5.29686061867603e-05
407,Lu-176,5.705184351038368e-19
408,Tm-176,0.006244569194233741
409,Ta-175,1.833722699894035e-05
410,Hf-175,1.146076687433772e-07
411,Tm-175,0.000760029803245554
412,Yb-175,1.916974148634744e-06
413,Ta-174,0.00016889551183234535
414,Hf-174,1.0982479875748856e-23
415,Lu-174m,5.6496738112932423e-08
416,Lu-174,6.6359395019630555e-09
417,Tm-174,0.0021393431498763745
418,Ta-173,6.131875270346297e-05
419,Hf-173,8.15851201224041e-06
420,Lu-173,1.6032817336859643e-08
421,Er-173,0.008056103911668357
422,Tm-173,2.3366612073892437e-05
423,Ta-172,0.00031392535351446797
424,Hf-172,1.1745967781549579e-08
425,Lu-172m,0.0031222845971168706
426,Lu-172,1.197393554035284e-06
427,Er-172,3.905494594094801e-06
428,Tm-172,3.0273723819005295e-06
429,Lu-171m,0.008774014943796775
430,Lu-171,9.736088364121848e-07
431,Er-171,2.561746720181928e-05
432,Tm-171,1.1440083203905059e-08
433,Ta-170,0.0017089427528598257
434,Hf-170,1.2026288787562377e-05
435,Lu-170,3.987344339978332e-06
436,Tm-170,6.238364550572631e-08
437,Ho-170,0.004185671380192907
438,Hf-169,0.003565571916460624
439,Lu-169m,0.004332169878499658
440,Lu-169,5.65299129444726e-06
441,Yb-169,2.5050074352202595e-07
442,Er-169,8.534613629825961e-07
443,Tm-168,8.617117950629866e-08
444,Ho-168m,0.00525111500424201
445,Dy-168,0.0013278681619922324
446,Ho-168,0.0038636966586396058
447,Hf-167,0.005635342931381669
448,Lu-167,0.0002243194759093674
449,Yb-167,0.0006601401719618527
450,Tm-167,8.673012769769085e-07
451,Er-167m,0.30548575608635753
452,Dy-167,0.0018632988724729713
453,Ho-167,6.21099624157657e-05
454,Yb-166,3.3957827775815464e-06
455,Tm-166,2.500530954400957e-05
456,Ho-166m,1.8304133126248094e-11
457,Dy-166,2.359569650598942e-06
458,Ho-166,7.184361324211705e-06
459,Lu-165,0.0010756473937925904
460,Yb-165,0.0011669144453871133
461,Tm-165,6.405219011605911e-06
462,Er-165,1.8585027363790896e-05
463,Tb-165,0.005475096212953754
464,Dy-165m,0.009190495631927146
465,Dy-165,8.24939517947188e-05
466,Yb-164,0.00015240703178538814
467,Tm-164,0.0057762265046662105
468,Ho-164m,0.0003040119212982216
469,Ho-164,0.0003983604485976697
470,Tb-164,0.003850817669777474
471,Yb-163,0.0010454708605730698
472,Tm-163,0.00010637617872313464
473,Er-163,0.00015403270679109895
474,Ho-163,4.806336925929478e-12
475,Tb-163,0.0005924334876580728
476,Yb-162,0.0006122126661013471
477,Tm-162,0.0005323711064208489
478,Ho-162m,0.00017242467178108092
479,Ho-162,0.0007701635339554948
480,Gd-162,0.0013752920249205263
481,Tb-162,0.001520059606491108
482,Tm-161,0.0003825315566004113
483,Er-161,5.998158364139367e-05
484,Ho-161,7.763745301970713e-05
485,Tb-161,1.161676341157892e-06
486,Ho-160,0.0004512676956770477
487,Tb-160,1.1096178163259204e-07
488,Er-159,0.00032090147248145615
489,Ho-159,0.00034954472040340156
490,Dy-159,5.555773415537676e-08
491,Eu-159,0.0006382570723388078
492,Gd-159,1.0419442799332956e-05
493,Tb-158,1.220275541749873e-10
494,Eu-158,0.00025168742939722053
495,Ho-157,0.0009168613499470176
496,Dy-157,2.3653671190279322e-05
497,Tb-157,3.093656303027847e-10
498,Sm-157,0.001438661644997811
499,Eu-157,1.2683852667251232e-05
500,Er-156,0.0005924334876580728
501,Ho-156,0.00020629380373807897
502,Tb-156n,3.6328468582806354e-05
503,Tb-156m,7.891019815117774e-06
504,Tb-156,1.4995395910348418e-06
505,Sm-156,2.0483072711582307e-05
506,Eu-156,5.281459389095723e-07
507,Ho-155,0.0002406761043610921
508,Dy-155,1.9448574089785222e-05
509,Tb-155,1.5079956413602264e-06
510,Sm-155,0.0005180472201494359
511,Eu-155,4.613421216000024e-09
512,Er-154,0.0030971723885609708
513,Ho-154m,0.0037265977449459425
514,Ho-154,0.0009823514463718046
515,Dy-154,7.321653250499238e-15
516,Tb-154,8.955389929715056e-06
517,Eu-154m,0.00025114028281157435
518,Eu-154,2.556145671069209e-09
519,Pm-154m,0.004310616794527023
520,Pm-154,0.00667771850250429
521,Ho-153m,0.001242199248315314
522,Ho-153,0.005747489059369364
523,Dy-153,3.0084513045136514e-05
524,Tb-153,3.428434535058292e-06
525,Gd-153,3.337161735456075e-08
526,Pm-153,0.0022004672398728423
527,Sm-153,4.140664161051047e-06
528,Dy-152,8.089953087767803e-05
529,Tb-152m,0.0027505840498410527
530,Tb-152,1.1002336199364212e-05
531,Eu-152m,2.067752947816419e-05
532,Eu-152n,0.00012033805218054606
533,Eu-152,1.622586965464853e-09
534,Gd-152,2.0337925695831217e-22
535,Pm-152m,0.001536230453368673
536,Nd-152,0.001013373070994072
537,Pm-152,0.0028039934488670927
538,Dy-151,0.0006453884362755543
539,Tb-151m,0.027725887222397813
540,Tb-151,1.0934231557094307e-05
541,Gd-151,6.469787751642261e-08
542,Nd-151,0.0009286537788852429
543,Pm-151,6.77960857355189e-06
544,Sm-151,2.440551083499746e-10
545,Ho-150,0.009025353913540955
546,Dy-150,0.0016112207823336712
547,Tb-150m,0.0019918022429883486
548,Tb-150,5.532784008300968e-05
549,Eu-150m,1.5042256522568257e-05
550,Gd-150,1.2270927235473584e-14
551,Eu-150,5.952563618292064e-10
552,Pm-150,7.184361324211705e-05
553,Dy-149,0.0027505840498410527
554,Tb-149m,0.0027770319733972167
555,Tb-149,4.6755921196909595e-05
556,Gd-149,8.644975012970263e-07
557,Eu-149,8.617117950629866e-08
558,Nd-149,0.0001114241223893945
559,Pm-149,3.627371580423393e-06
560,Dy-148,0.00350074333616134
561,Tb-148m,0.00525111500424201
562,Tb-148,0.0001925408834888737
563,Gd-148,2.944364577948755e-10
564,Eu-148,1.4720251031259457e-07
565,Pm-148m,1.9429733136440794e-07
566,Pm-148,1.4945113286207905e-06
567,Sm-148,3.1378513930711016e-24
568,Pr-148m,0.005747489059369364
569,Pr-148,0.005044739305385336
570,Tb-147m,0.006177782357931776
571,Tb-147,0.0001174029777371181
572,Gd-147,5.053566495770963e-06
573,Eu-147,3.328853448977761e-07
574,Pr-147,0.0008621233589054045
575,Nd-147,7.306499828812754e-07
576,Pm-147,8.372707079171196e-09
577,Sm-147,2.072166014292237e-19
578,Tb-146,0.030136833937388925
579,Gd-146,1.6620130126447902e-07
580,Eu-146,1.7402465969710203e-06
581,Pm-146,3.971963788697598e-09
582,Sm-146,2.132520364223079e-16
583,Pr-146,0.0004783624434506179
584,Gd-145m,0.008154672712469944
585,Gd-145,0.0005022805656231487
586,Eu-145,1.3528729868526819e-06
587,Sm-145,2.3595696505989422e-08
588,Pm-145,1.2409581780507183e-09
589,Ce-145,0.0038380242555921666
590,Pr-145,3.217594978089467e-05
591,Gd-144,0.002584441389112399
592,Eu-144,0.06795560593724954
593,Pm-144,2.2100652374755932e-08
594,Pr-144m,0.0016045073624072809
595,Ce-144,2.8158144017536774e-08
596,Pr-144,0.0006685447343363668
597,Nd-144,9.591685481003367e-24
598,Gd-143m,0.006301338005090412
599,Eu-143,0.004460406567309816
600,Sm-143m,0.01050223000848402
601,Sm-143,0.0013202803439237053
602,Pm-143,3.02737238190053e-08
603,La-143,0.0008135530288262268
604,Ce-143,5.827684962888517e-06
605,Pr-143,5.911965226261167e-07
606,Gd-142,0.009873891460967881
607,Eu-142m,0.009445995919323318
608,Eu-142,0.29621674382903646
609,Sm-142,0.0001593661609785132
610,Pm-142,0.017114745199010996
611,Pr-142m,0.000791263904748796
612,Pr-142,1.0070129889585444e-05
613,Ba-142,0.0010898540574841907
614,La-142,0.00012681068067324283
615,Sm-141m,0.0005111704871386027
616,Sm-141,0.0011325934322874924
617,Pm-141,0.0005527489478149484
618,Nd-141m,0.011179793234837827
619,Nd-141,7.7325656019628e-05
620,Ba-141,0.0006323181723772535
621,La-141,4.911757231859023e-05
622,Ce-141,2.4678653906842633e-07
623,Sm-140,0.0007795177469185169
624,Pm-140m,0.0019415887410642726
625,Pm-140,0.07534208484347232
626,Nd-140,2.380574721672523e-06
627,Pr-140,0.0034078032475906845
628,Cs-140,0.010881431405964604
629,Ba-140,6.291198880204206e-07
630,La-140,4.780726304771113e-06
631,Sm-139,0.0044951179024639775
632,Pm-139,0.0027837236167066073
633,Nd-139m,3.50074333616134e-05
634,Nd-139,0.0003889714817957044
635,Pr-139,4.366006428319131e-05
636,Ce-139,5.82859526742497e-08
637,Cs-139,0.0012462193106075972
638,Ba-139,0.0001390856370013535
639,Nd-138,3.82025562477924e-05
640,Pr-138m,9.082117145701589e-05
641,Pr-138,0.007967208971953394
642,La-138,2.153427426617423e-19
643,Cs-138m,0.0039699151234819305
644,Xe-138,0.0008204867194128141
645,Cs-138,0.00034577830018953673
646,Pm-137m,0.004813522087221842
647,Nd-137,0.00030006371452811483
648,Pr-137,0.00015042256522568257
649,Ce-137m,5.59711870607191e-06
650,Ce-137,2.1393431498763742e-05
651,La-137,3.660826625249619e-13
652,Xe-137,0.0030257865398984865
653,Cs-137,7.281097537216939e-10
654,Ba-137m,0.004526823279518974
655,Pm-136,0.006478011033270517
656,Nd-136,0.00022808396859491455
657,Pr-136,0.0008818666419337727
658,La-136,0.0011704612978047037
659,Cs-136,6.096152592732829e-07
660,Nd-135,0.0009316494362364856
661,Pr-135,0.0004813522087221842
662,Ce-135,1.0878016016320548e-05
663,La-135,9.873891460967882e-06
664,Ba-135m,6.708741584978177e-06
665,Cs-135m,0.00021797081149683815
666,Xe-135m,0.0007555561157182748
667,I-135,2.9306070546251702e-05
668,Xe-135,2.1065742176025568e-05
669,Cs-135,9.54998250065118e-15
670,Nd-134,0.0013591121187449908
671,Pr-134m,0.0006795560593724954
672,Pr-134,0.001050223000848402
673,Ce-134,2.538777472163419e-06
674,La-134,0.0017910779859430111
675,Cs-134m,6.632479624143083e-05
676,Cs-134,1.063781468011319e-08
677,I-134m,0.0032090147248145617
678,Te-134,0.0002763744739074742
679,I-134,0.0002200467239872842
680,Ce-133m,3.929405785487218e-05
681,Ce-133,0.00011909745370445796
682,La-133,4.921801725175707e-05
683,Ba-133m,4.949637107683128e-06
684,Ba-133,2.0879239307507333e-09
685,Xe-133m,3.6632588182814627e-06
686,Te-133m,0.00020852803265943
687,Sb-133,0.0046209812037329686
688,Te-133,0.0009241962407465937
689,I-133,9.256773244657388e-06
690,Xe-133,1.5301424398314711e-06
691,Ce-132,5.485495256093267e-05
692,La-132m,0.00047540958886141654
693,La-132,4.011268406018202e-05
694,Cs-132,1.2382368902664616e-06
695,I-132m,0.00013881822890329755
696,Te-132,2.503912862683022e-06
697,I-132,8.389580979907351e-05
698,Ce-131,0.0011325934322874924
699,La-131,0.00019580428829376985
700,Ba-131m,0.000791263904748796
701,Ba-131,6.976118966988177e-07
702,Cs-131,8.280046250424609e-07
703,Te-131m,6.418029449629123e-06
704,Sb-131,0.0005016262704877298
705,Te-131,0.00046209812037329687
706,I-131,1.000229008943908e-06
707,Xe-131m,6.775791226382097e-07
708,Ce-130,0.0005044739305385337
709,La-130,0.0013278681619922324
710,Cs-130m,0.003338859251252145
711,Cs-130,0.00039549650836468407
712,I-130m,0.0013068385757163373
713,I-130,1.5577741382594957e-05
714,Sn-130,0.0031054981207882856
715,Sn-130m,0.006795560593724954
716,Sb-130,0.00029246716479322586
717,Sb-130m,0.0018337226998940352
718,La-129,0.0009959011214941743
719,Ba-129m,8.913929791151558e-05
720,Ba-129,8.634120335823932e-05
721,Cs-129,6.005642030220639e-06
722,Xe-129m,9.034388301842796e-07
723,Te-129m,2.387659765487025e-07
724,Sn-129,0.005180472201494359
725,Sb-129,4.375929170201674e-05
726,Te-129,0.00016598352024902905
727,I-129,1.3990420223883894e-15
728,La-128,0.002230203283654908
729,Ba-128,3.301455478204281e-06
730,Cs-128,0.003173750826739676
731,I-128,0.0004622830335867315
732,Sn-128,0.00019557225341683464
733,Sb-128m,0.0011108127893588867
734,Sb-128,2.1369687401650797e-05
735,Ba-127,0.0009096419692387733
736,Cs-127,3.080654135821979e-05
737,Xe-127m,0.010016577753756434
738,Xe-127,2.2039936296803306e-07
739,Te-127m,7.360125515629728e-08
740,Sn-127m,0.0027972041184824263
741,Sn-127,9.168613499470175e-05
742,Sb-127,2.083775795334131e-06
743,Te-127,2.0592607859772586e-05
744,Ba-126,0.00011552453009332422
745,Cs-126,0.0070441786642270856
746,I-126,6.204591501961642e-07
747,Sn-126,9.54998250065118e-14
748,Sb-126m,0.0006032612537510403
749,Sb-126,6.495981224320975e-07
750,Cs-125,0.0002567211779851649
751,Xe-125,1.1392951685732172e-05
752,I-125,1.3505954229017514e-07
753,Sn-125m,0.0012134929631651707
754,Sn-125,8.322133622444402e-07
755,Sb-125,7.962473084325777e-09
756,Te-125m,1.3976544968704536e-07
757,Ba-124,0.001050223000848402
758,Cs-124,0.02250477858960861
759,I-124,1.921105558437836e-06
760,Sb-124n,0.0005719036143233872
761,Sb-124m,0.007453195489891885
762,Sb-124,1.3326473109695023e-07
763,Cs-123,0.001964702892743609
764,Xe-123,9.256773244657389e-05
765,I-123,1.4509486321693571e-05
766,Te-123m,6.727494182001177e-08
767,Te-123,3.6608266252496186e-23
768,Sn-123m,0.00028837875709766396
769,Sn-123,6.209393817365639e-08
770,Xe-122,9.579148432282273e-06
771,I-122,0.0031824939419648544
772,Sb-122m,0.0027564908158750705
773,Sb-122,2.945347239898819e-06
774,Cs-121m,0.0056815342668847975
775,Cs-121,0.004471917293935131
776,Xe-121,0.0002880910974895866
777,I-121,9.082117145701589e-05
778,Te-121m,5.209439488335327e-08
779,Te-121,4.187127772461589e-07
780,Sn-121m,5.003407688268272e-10
781,In-121m,0.0029774363426114487
782,In-121,0.030006371452811483
783,Sn-121,7.1232291338836e-06
784,Xe-120,0.00028881132523331054
785,I-120m,0.00021797081149683815
786,I-120,0.00014157417903593654
787,Sb-120m,1.3928015298674312e-06
788,Sb-120,0.000727026621103362
789,I-119,0.000604840471692797
790,Te-119m,1.7069227259651922e-06
791,Te-119,1.1996316728278734e-05
792,Sb-119,5.041657069622249e-06
793,Cd-119m,0.00525111500424201
794,Cd-119,0.004294592196777852
795,In-119m,0.0006418029449629123
796,In-119,0.004813522087221842
797,Sn-119m,2.7371329962594347e-08
798,I-118m,0.0013591121187449908
799,I-118,0.0008432447452067461
800,Te-118,1.3370894686727339e-06
801,Sb-118m,3.850817669777474e-05
802,Sb-118,0.0032090147248145617
803,In-118m,0.0026472165465931305
804,Cd-118,0.00022967103398275192
805,In-118,0.13862943611198905
806,Te-117,0.00018632988724729711
807,Sb-117,6.876460124602632e-05
808,Cd-117m,5.73038343716886e-05
809,Ag-117,0.00941776060543404
810,Cd-117,7.7325656019628e-05
811,In-117m,9.941870059666456e-05
812,In-117,0.0002674178937345468
813,Sn-117m,5.830331985491573e-07
814,Te-116,7.7325656019628e-05
815,Sb-116m,0.00019158296864564547
816,Sb-116,0.0007311679119830646
817,In-116m,0.00021232223873060875
818,Ag-116,0.004310616794527023
819,Te-115m,0.001724246717810809
820,Te-115,0.0019918022429883486
821,Sb-115,0.00035988950184836203
822,Ag-115,0.0005776226504666211
823,Cd-115m,1.7987750699633193e-07
824,Cd-115,3.6015877944046708e-06
825,In-115m,4.292039310942347e-05
826,In-115,4.980716496938257e-23
827,Te-114,0.000760029803245554
828,Sb-114,0.0033101584553961094
829,In-114m,1.6203871565413862e-07
830,In-114,0.00964043366564597
831,Pd-114,0.004773740912947282
832,Ag-114,0.15068416968694465
833,Te-113,0.006795560593724954
834,Sb-113,0.001732001950424651
835,Sn-113m,0.000539834252772543
836,Sn-113,6.97066366498949e-08
837,In-113m,0.00011613540230947204
838,Cd-113m,1.5577985639360082e-09
839,Ag-113m,0.010089478610770673
840,Ag-113,3.5854913126419684e-05
841,Cd-113,2.8525921755191838e-24
842,In-112m,0.0005618897378079972
843,In-112,0.0007717069478511971
844,Pd-112,9.15553416494882e-06
845,Ag-112,6.151465926162098e-05
846,Sb-111,0.009241962407465937
847,Sn-111,0.0003272649577714567
848,In-111m,0.0015003185726405741
849,In-111,2.86039034906992e-06
850,Cd-111m,0.00023819490740891591
851,Pd-111,0.000493694573048394
852,Ag-111m,0.010696715749381872
853,Ag-111,1.0768505787968328e-06
854,Sn-110,4.6846930289263665e-05
855,In-110m,0.00016718455874576587
856,In-110,3.929405785487218e-05
857,Ag-110m,3.212098339220213e-08
858,Ag-110,0.028176714656908342
859,Sn-109,0.0006418029449629123
860,In-109m,0.008621233589054046
861,In-109,4.584306749735088e-05
862,Cd-109,1.7387379306537502e-08
863,Ag-109m,0.017503716680806698
864,Pd-109m,0.0024632095968725844
865,Rh-109,0.008664339756999316
866,Pd-109,1.4052848180369142e-05
867,Sn-108,0.001121597379546837
868,In-108m,0.0002917286113467783
869,In-108,0.00019918022429883485
870,Ag-108m,5.254775060166917e-11
871,Ag-108,0.004874452746553763
872,Ru-108,0.002539000661391741
873,Rh-108,0.04125876074761579
874,In-107,0.0003565571916460624
875,Cd-107,2.9621674382903646e-05
876,Ru-107,0.003080654135821979
877,Rh-107,0.0005323711064208489
878,Pd-107,3.3792245771534945e-15
879,Sn-106,0.006016902609027303
880,In-106m,0.0022216255787177734
881,In-106,0.0018632988724729713
882,Ag-106m,9.689054120816913e-07
883,Ag-106,0.00048215580172505934
884,Rh-106m,8.818666419337726e-05
885,Ru-106,2.1474174394487014e-08
886,Rh-106,0.023259972502011585
887,In-105,0.0022785903371464336
888,Cd-105,0.00020815230647445806
889,Ag-105m,0.0015978496555093251
890,Ag-105,1.9429733136440794e-07
891,Tc-105,0.001520059606491108
892,Ru-105,4.336506384884542e-05
893,Rh-105,5.445160732151406e-06
894,Cd-104,0.0002002158233853106
895,Ag-104m,0.00034484934356216184
896,Ag-104,0.00016694296256260726
897,Rh-104m,0.0026618555321042446
898,Rh-104,0.016386458169265847
899,Tc-104,0.000631281585209422
900,In-103,0.011552453009332421
901,Cd-103,0.001582527809497592
902,Ag-103,0.00017583642327751023
903,Pd-103,4.721638992429171e-07
904,Ru-103,2.0434378023526244e-07
905,Rh-103m,0.0002058747016668286
906,Cd-102,0.002100446001696804
907,Ag-102m,0.0015003185726405741
908,Ag-102,0.0008955389929715056
909,Rh-102m,5.8698449362634185e-09
910,Rh-102,3.875621648326765e-08
911,Tc-102m,0.002655736323984465
912,Mo-102,0.0010223409742772054
913,Tc-102,0.13127787510605024
914,Cd-101,0.00849445074215619
915,Ag-101,0.0010407615323722902
916,Pd-101,2.2732099585463243e-05
917,Rh-101m,1.8485107861835032e-06
918,Rh-101,6.6560484095447625e-09
919,Mo-101,0.0007907223141226848
920,Tc-101,0.0008135530288262268
921,Ag-100m,0.005157345093451973
922,Pd-100,2.210065237475593e-06
923,Rh-100m,0.0025114028281157438
924,Rh-100,9.256773244657388e-06
925,Ag-99,0.005589896617418913
926,Pd-99,0.000539834252772543
927,Rh-99m,4.096614542316461e-05
928,Rh-99,4.982942119277268e-07
929,Nb-99m,0.004443251157435547
930,Nb-99,0.046209812037329684
931,Mo-99,2.9199406049268075e-06
932,Tc-99m,3.20101219432874e-05
933,Tc-99,1.0405002250827908e-13
934,Pd-98,0.0006526809609792328
935,Rh-98,0.0013278681619922324
936,Tc-98,5.22975232178517e-15
937,Nb-98m,0.00022519401577646045
938,Pd-97,0.0037265977449459425
939,Rh-97m,0.0002500530954400957
940,Rh-97,0.00037630140095545346
941,Ru-97,2.766392004150484e-06
942,Tc-97m,8.9040364173545e-08
943,Tc-97,8.448061442883736e-15
944,Zr-97,1.149909719833216e-05
945,Nb-97,0.00016022819707811958
946,Pd-96,0.0056815342668847975
947,Rh-96m,0.007650631132008227
948,Rh-96,0.0011669144453871133
949,Tc-96m,0.0002243194759093674
950,Tc-96,1.8744244887935522e-06
951,Nb-96,8.245862247917504e-06
952,Rh-95m,0.005894108678230828
953,Rh-95,0.0023012854600263787
954,Ru-95,0.0001171886083316334
955,Tc-95m,1.3151699691862958e-07
956,Tc-95,9.627044174443684e-06
957,Nb-95m,2.2223093662150703e-06
958,Y-95,0.001121597379546837
959,Zr-95,1.2528949294159802e-07
960,Nb-95,2.292742937337145e-07
961,Rh-94,0.009817948733143702
962,Ru-94,0.00022302032836549077
963,Tc-94m,0.00022216255787177734
964,Tc-94,3.942816726734615e-05
965,Nb-94m,0.0018445558054179182
966,Nb-94,1.082017721748656e-12
967,Sr-94,0.009205141840105515
968,Y-94,0.0006177782357931777
969,Tc-93m,0.00026557363239844645
970,Tc-93,7.00148667232268e-05
971,Mo-93m,2.8108158173558204e-05
972,Mo-93,5.491239937874428e-12
973,Sr-93,0.001556305133952906
974,Y-93,1.891364277886775e-05
975,Zr-93,1.4356182844116154e-14
976,Nb-93m,1.3617457998448675e-09
977,Ru-92,0.003165055618995184
978,Tc-92,0.0027182242374899817
979,Nb-92m,7.903977154715669e-07
980,Nb-92,6.329959582564183e-16
981,Sr-92,7.238379078529086e-05
982,Y-92,5.439008008160274e-05
983,Tc-91m,0.00350074333616134
984,Tc-91,0.0036791251622077773
985,Mo-91m,0.010729832516407823
986,Mo-91,0.0007458007107380518
987,Nb-91m,1.3181953355301354e-07
988,Nb-91,3.230141139926134e-11
989,Sr-91,1.999386121379789e-05
990,Y-91m,0.00023239696256955185
991,Y-91,1.3711394312145624e-07
992,Mo-90,3.462965530375426e-05
993,Nb-90,1.3187731745813266e-05
994,Y-90m,6.0357643726919654e-05
995,Rb-90m,0.0026866169789145165
996,Rb-90,0.004387007471898388
997,Sr-90,7.629371223166972e-10
998,Y-90,3.003757932743739e-06
999,Mo-89,0.005475096212953754
1000,Nb-89m,0.000175037166808067
1001,Nb-89,9.484772585658803e-05
1002,Zr-89m,0.002776364578065951
1003,Zr-89,2.45556540605629e-06
1004,Y-89m,0.04425379432803073
1005,Kr-89,0.0036674453997880704
1006,Rb-89,0.0007625381524311829
1007,Sr-89,1.5876779758631315e-07
1008,Nb-88m,0.0014848911323049384
1009,Nb-88,0.0007967208971953394
1010,Zr-88,9.619348695487293e-08
1011,Y-88,7.522303621224945e-08
1012,Kr-88,6.77960857355189e-05
1013,Rb-88,0.0006497442637419807
1014,Nb-87,0.003080654135821979
1015,Zr-87,0.0001146076687433772
1016,Y-87m,1.440096361173326e-05
1017,Y-87,2.412793026176362e-06
1018,Sr-87m,6.839818241167804e-05
1019,Kr-87,0.00015140829632152584
1020,Rb-87,4.46170216361928e-19
1021,Zr-86,1.1669144453871133e-05
1022,Y-86m,0.0002406761043610921
1023,Y-86,1.3062475134930372e-05
1024,Rb-86m,0.011359344158635615
1025,Rb-86,4.303474311788651e-07
1026,Zr-85,0.0014697777365562876
1027,Y-85m,3.9617465738451376e-05
1028,Y-85,7.184361324211705e-05
1029,Sr-85m,0.00017081846827343518
1030,Sr-85,1.2372820499747694e-07
1031,Br-85,0.003983604485976697
1032,Kr-85m,4.297787577876644e-05
1033,Kr-85,2.0421122863051055e-09
1034,Y-84m,0.00029246716479322586
1035,Rb-84m,0.0005702099214872863
1036,Rb-84,2.4481345169473304e-07
1037,Br-84m,0.001925408834888737
1038,Se-84,0.0037265977449459425
1039,Br-84,0.00036328468582806357
1040,Y-83m,0.004053492283976288
1041,Y-83,0.001631702402448082
1042,Sr-83,5.940786284753894e-06
1043,Rb-83,9.306887252942464e-08
1044,Se-83m,0.009887976898144727
1045,Se-83,0.0005180472201494359
1046,Br-83,8.022536812036404e-05
1047,Kr-83m,0.00010521359753490366
1048,Sr-82,3.1634608880269733e-07
1049,Rb-82m,2.9749827485919913e-05
1050,Rb-82,0.00907498272532005
1051,Br-82m,0.0018845763473625482
1052,Br-82,5.4544159628576115e-06
1053,Y-81,0.009845840632953767
1054,Sr-81,0.0005180472201494359
1055,Rb-81m,0.00037876895112565315
1056,Rb-81,4.207624202116995e-05
1057,Kr-81m,0.05291199851602636
1058,Kr-81,9.591685481003369e-14
1059,Se-81m,0.0002016838863361107
1060,Se-81,0.0006261492145979632
1061,Sr-80,0.00010867782699277912
1062,Rb-80,0.020752909597603154
1063,Br-80m,4.3556358667316754e-05
1064,Br-80,0.0006534192878581686
1065,Sr-79,0.005134423559703298
1066,Rb-79,0.0005044739305385337
1067,Kr-79,5.4948882274221945e-06
1068,As-79,0.001282181244099048
1069,Se-79m,0.002947054339115414
1070,Se-79,7.445749068304309e-14
1071,Rb-78m,0.0020126224754934527
1072,Rb-78,0.000654159287051666
1073,Br-78,0.0017883054194013034
1074,Ge-78,0.00013127787510605024
1075,As-78,0.00012736993395074335
1076,Rb-77,0.003064311143058998
1077,Kr-77,0.00015527490603941426
1078,Br-77m,0.0026991712638627153
1079,Br-77,3.3757781662261325e-06
1080,Se-77m,0.03992783298156367
1081,Ge-77,1.7039016237953423e-05
1082,As-77,4.958559966234192e-06
1083,Kr-76,1.3009519154653629e-05
1084,Br-76m,0.5291199851602636
1085,Br-76,1.1885239721535413e-05
1086,As-76,7.443437383592878e-06
1087,Kr-75,0.002692879489354877
1088,Br-75,0.00011946693908306538
1089,Se-75,6.697782425998217e-08
1090,Ge-75,0.00013955608853989394
1091,Kr-74,0.0010045611312462974
1092,Br-74m,0.00025114028281157435
1093,Br-74,0.00045482098461938666
1094,As-74,4.514652117071696e-07
1095,Ga-74,0.0014227158878488205
1096,Br-73,0.003397780296862477
1097,Se-73m,0.00029026263842543774
1098,Se-73,2.6928794893548767e-05
1099,As-73,9.990705868040354e-08
1100,Ga-73,3.9617465738451376e-05
1101,Br-72,0.008818666419337727
1102,Se-72,9.5506390619481e-07
1103,As-72,7.4054185957259116e-06
1104,Zn-72,4.140664161051047e-06
1105,Ga-72,1.3655381807721538e-05
1106,Se-71,0.0024372263732768814
1107,As-71,2.949462063248678e-06
1108,Ge-71,7.018842355237448e-07
1109,Zn-71m,4.862143522446305e-05
1110,Zn-71,0.004715286942584662
1111,Se-70,0.00028108158173558204
1112,As-70,0.0002196283842078407
1113,Ga-70,0.0005464736522863018
1114,As-69,0.0007585326992339082
1115,Ge-69,4.930624417128648e-06
1116,Zn-69m,1.3992796765179774e-05
1117,Cu-69,0.004053492283976288
1118,Zn-69,0.00020483072711582307
1119,As-68,0.004572210953561645
1120,Ge-68,2.960891977130985e-08
1121,Ga-68,0.00017061664465119512
1122,Ge-67,0.0006112408999646784
1123,Ga-67,2.4599953428297573e-06
1124,Cu-67,3.1140366082625535e-06
1125,Ge-66,8.519508118976714e-05
1126,Ga-66,2.0288818070481948e-05
1127,Ni-66,3.526389807488529e-06
1128,Cu-66,0.0022563384783852386
1129,Ga-65,0.000760029803245554
1130,Zn-65,3.2871166156012474e-08
1131,Ni-65,7.649040536823748e-05
1132,Ga-64,0.004397583939601228
1133,Cu-64,1.5160699487312889e-05
1134,Zn-63,0.0003002977127458389
1135,Ni-63,2.1943016734762951e-10
1136,Zn-62,2.0960252938044166e-05
1137,Cu-62,0.0011942988741168636
1138,Co-62m,0.0008305142350346816
1139,Fe-62,0.01019334089058743
1140,Co-62,0.007701635339554948
1141,Zn-61,0.007779429635914089
1142,Cu-61,5.7768041850847196e-05
1143,Fe-61,0.0019318483293198029
1144,Co-61,0.00011669144453871133
1145,Zn-60,0.004853971852660683
1146,Cu-60,0.00048744527465537644
1147,Fe-60,1.4643306500998476e-14
1148,Co-60m,0.0011037023989044065
1149,Co-60,4.166896164418211e-09
1150,Cu-59,0.008504873381103624
1151,Ni-59,2.1747484902472985e-13
1152,Fe-59,1.80301984763151e-07
1153,Co-58m,2.129877029744178e-05
1154,Co-58,1.1321672046339831e-07
1155,Mn-58m,0.010631091726379528
1156,Cu-57,3.531060522465335
1157,Ni-57,5.408451783395328e-06
1158,Co-57,2.952284099520278e-08
1159,Mn-57,0.00811647752412114
1160,Ni-56,1.3205821912817126e-06
1161,Co-56,1.0387850332819375e-07
1162,Cr-56,0.0019448574089785215
1163,Mn-56,7.46600812318716e-05
1164,Co-55,1.0983507329656228e-05
1165,Fe-55,8.025195378698471e-09
1166,Cr-55,0.003303532459059886
1167,Co-54m,0.007805711492792177
1168,Mn-54,2.5703373100206342e-08
1169,Fe-53m,0.0045734176600682585
1170,Fe-53,0.0013575150422247262
1171,Mn-53,5.936475608512896e-15
1172,V-53,0.007175436651759268
1173,Fe-52,2.3267780482039118e-05
1174,Mn-52m,0.0005475096212953754
1175,Mn-52,1.4349019517146133e-06
1176,Ti-52,0.006795560593724954
1177,V-52,0.003086415444651996
1178,Mn-51,0.0002500530954400957
1179,Cr-51,2.8959613074763664e-07
1180,Ti-51,0.002005634203009101
1181,Mn-50m,0.006601401719618527
1182,V-50,1.4643306500998477e-25
1183,Sc-50,0.006762411517658003
1184,Cr-49,0.00027310763615443075
1185,V-49,2.4310717612231527e-08
1186,Ca-49,0.0013251265209144783
1187,Sc-49,0.00020196596170161577
1188,Cr-48,8.930467694289132e-06
1189,V-48,5.022403863922375e-07
1190,Sc-48,4.408996645039471e-06
1191,V-47,0.00035436972421265094
1192,Ca-47,1.7686368633237221e-06
1193,Sc-47,2.3953591341324507e-06
1194,Sc-46,9.574575500699848e-08
1195,K-46,0.006601401719618527
1196,Ti-45,6.251327386002392e-05
1197,K-45,0.000667771850250429
1198,Ca-45,4.931786323253461e-08
1199,Ti-44,3.660826625249619e-10
1200,Sc-44m,3.285120004928744e-06
1201,Sc-44,4.849896309543418e-05
1202,Ar-44,0.0009732479367592607
1203,K-44,0.0005220267966259567
1204,Sc-43,4.948365034409501e-05
1205,Ar-43,0.002151294787585181
1206,K-43,8.634120335823932e-06
1207,Sc-42m,0.011179793234837827
1208,Ar-42,6.67627955972575e-10
1209,K-42,1.5577741382594957e-05
1210,Ca-41,2.1534274266174229e-13
1211,Ar-41,0.0001053959767296088
1212,K-40,1.755792146402695e-17
1213,Cl-40,0.008557372599505498
1214,Cl-39,0.00020777793182252555
1215,Ar-39,8.165412547025172e-11
1216,K-38,0.0015128932699492433
1217,S-38,6.783589553336712e-05
1218,Cl-38,0.0003102162462226751
1219,Ar-37,2.2895367614259142e-07
1220,S-37,0.002287614457293549
1221,Cl-36,7.297328821095586e-14
1222,S-35,9.167565777667014e-08
1223,Cl-34m,0.00036101415654163816
1224,Cl-34,0.45410585728507946
1225,P-33,3.165957700093293e-07
1226,Si-32,1.6640121023861904e-10
1227,P-32,5.624719071749564e-07
1228,Si-31,7.344216789149664e-05
1229,P-30,0.004624680948491761
1230,Al-29,0.0017610446660567714
1231,Mg-28,9.205875375992048e-06
1232,Al-28,0.005154123766098162
1233,Mg-27,0.0012214477700710955
1234,Al-26,3.0634532428867105e-14
1235,Ne-24,0.0034178855057196513
1236,Na-24,1.2871240289382558e-05
1237,Na-22,8.44189236769196e-09
1238,Ne-19,0.040252449509869066
1239,O-19,0.026192079071944725
1240,F-18,0.00010524235227596267
1241,F-17,0.010748134293067845
1242,N-16,0.09721559334641589
1243,O-15,0.0056703794221199715
1244,O-14,0.009817114417470827
1245,C-14,3.853501710789073e-12
1246,N-13,0.0011593028609465552
1247,C-11,0.0005665744487166464
1248,C-10,0.03599829553674087
1249,Be-10,1.4546330961256766e-14
1250,Be-7,1.507428938751673e-07
1251,H-3,1.7828701096994898e-09
